,体育館;lightgreen,徳間記念ホール;pink,ステージ;lightblue
9:00,,,
,合唱コンクール;event922164302,PIANO LIVE;event919213428,バンド;eventsonstage
,合唱コンクール;event922164302,PIANO LIVE;event919213428,バンド;eventsonstage
,合唱コンクール;event922164302,PIANO LIVE;event919213428,バンド;eventsonstage
,合唱コンクール;event922164302,PIANO LIVE;event919213428,バンド;eventsonstage
,合唱コンクール;event922164302,PIANO LIVE;event919213428,バンド;eventsonstage
9:30,合唱コンクール;event922164302,PIANO LIVE;event919213428,バンド;eventsonstage
,合唱コンクール;event922164302,PIANO LIVE;event919213428,バンド;eventsonstage
,合唱コンクール;event922164302,PIANO LIVE;event919213428,バンド;eventsonstage
,合唱コンクール;event922164302,PIANO LIVE;event919213428,
,合唱コンクール;event922164302,PIANO LIVE;event919213428,
,合唱コンクール;event922164302,PIANO LIVE;event919213428,ダンス;eventsonstage
10:00,合唱コンクール;event922164302,PIANO LIVE;event919213428,ダンス;eventsonstage
,合唱コンクール;event922164302,PIANO LIVE;event919213428,ダンス;eventsonstage
,合唱コンクール;event922164302,PIANO LIVE;event919213428,ダンス;eventsonstage
,合唱コンクール;event922164302,PIANO LIVE;event919213428,ダンス;eventsonstage
,合唱コンクール;event922164302,PIANO LIVE;event919213428,ダンス;eventsonstage
,合唱コンクール;event922164302,PIANO LIVE;event919213428,ダンス;eventsonstage
10:30,合唱コンクール;event922164302,PIANO LIVE;event919213428,ダンス;eventsonstage
,合唱コンクール;event922164302,PIANO LIVE;event919213428,ダンス;eventsonstage
,合唱コンクール;event922164302,PIANO LIVE;event919213428,
,,,
,,,BINGO;eventsonstage
,,,BINGO;eventsonstage
11:00,,,BINGO;eventsonstage
,響宴;event918203842,高校演劇部『ぜろ』;event919235946,BINGO;eventsonstage
,響宴;event918203842,高校演劇部『ぜろ』;event919235946,BINGO;eventsonstage
,響宴;event918203842,高校演劇部『ぜろ』;event919235946,BINGO;eventsonstage
,響宴;event918203842,高校演劇部『ぜろ』;event919235946,BINGO;eventsonstage
,響宴;event918203842,高校演劇部『ぜろ』;event919235946,BINGO;eventsonstage
11:30,響宴;event918203842,高校演劇部『ぜろ』;event919235946,BINGO;eventsonstage
,響宴;event918203842,高校演劇部『ぜろ』;event919235946,
,響宴;event918203842,高校演劇部『ぜろ』;event919235946,
,,高校演劇部『ぜろ』;event919235946,筋肉自慢;eventsonstage
,,高校演劇部『ぜろ』;event919235946,筋肉自慢;eventsonstage
,,高校演劇部『ぜろ』;event919235946,筋肉自慢;eventsonstage
12:00,,高校演劇部『ぜろ』;event919235946,筋肉自慢;eventsonstage
,吹奏楽部公演2025\n「Adventure」;event919182746,高校演劇部『ぜろ』;event919235946,筋肉自慢;eventsonstage
,吹奏楽部公演2025\n「Adventure」;event919182746,高校演劇部『ぜろ』;event919235946,筋肉自慢;eventsonstage
,吹奏楽部公演2025\n「Adventure」;event919182746,高校演劇部『ぜろ』;event919235946,筋肉自慢;eventsonstage
,吹奏楽部公演2025\n「Adventure」;event919182746,高校演劇部『ぜろ』;event919235946,筋肉自慢;eventsonstage
,吹奏楽部公演2025\n「Adventure」;event919182746,高校演劇部『ぜろ』;event919235946,筋肉自慢;eventsonstage
12:30,吹奏楽部公演2025\n「Adventure」;event919182746,高校演劇部『ぜろ』;event919235946,
,吹奏楽部公演2025\n「Adventure」;event919182746,高校演劇部『ぜろ』;event919235946,
,吹奏楽部公演2025\n「Adventure」;event919182746,高校演劇部『ぜろ』;event919235946,コスプレ;eventsonstage
,,,コスプレ;eventsonstage
,,,コスプレ;eventsonstage
,,,コスプレ;eventsonstage
13:00,,,コスプレ;eventsonstage
,さいりうみ#ヲタ芸;event919234836,,コスプレ;eventsonstage
,さいりうみ#ヲタ芸;event919234836,,コスプレ;eventsonstage
,さいりうみ#ヲタ芸;event919234836,,コスプレ;eventsonstage
,さいりうみ#ヲタ芸;event919234836,,
,さいりうみ#ヲタ芸;event919234836,,
13:30,さいりうみ#ヲタ芸;event919234836,,のど自慢;eventsonstage
,さいりうみ#ヲタ芸;event919234836,,のど自慢;eventsonstage
,さいりうみ#ヲタ芸;event919234836,,のど自慢;eventsonstage
,,ダンス公演;event919232432,のど自慢;eventsonstage
,,ダンス公演;event919232432,のど自慢;eventsonstage
,,ダンス公演;event919232432,のど自慢;eventsonstage
14:00,,ダンス公演;event919232432,のど自慢;eventsonstage
,空手道部演武;event919211235,ダンス公演;event919232432,のど自慢;eventsonstage
,空手道部演武;event919211235,ダンス公演;event919232432,のど自慢;eventsonstage
,空手道部演武;event919211235,ダンス公演;event919232432,のど自慢;eventsonstage
,空手道部演武;event919211235,ダンス公演;event919232432,のど自慢;eventsonstage
,空手道部演武;event919211235,ダンス公演;event919232432,のど自慢;eventsonstage
14:30,空手道部演武;event919211235,ダンス公演;event919232432,のど自慢;eventsonstage
,空手道部演武;event919211235,ダンス公演;event919232432,
,空手道部演武;event919211235,ダンス公演;event919232432,
,,ダンス公演;event919232432,みんな違ってみんないい;eventsonstage
,,ダンス公演;event919232432,みんな違ってみんないい;eventsonstage
,,ダンス公演;event919232432,みんな違ってみんないい;eventsonstage
15:00,,ダンス公演;event919232432,みんな違ってみんないい;eventsonstage
,,ダンス公演;event919232432,みんな違ってみんないい;eventsonstage
,,ダンス公演;event919232432,みんな違ってみんないい;eventsonstage
,,ダンス公演;event919232432,みんな違ってみんないい;eventsonstage
,,ダンス公演;event919232432,みんな違ってみんないい;eventsonstage
,,ダンス公演;event919232432,みんな違ってみんないい;eventsonstage
15:30,,ダンス公演;event919232432,みんな違ってみんないい;eventsonstage
 ,,,
